day,time,src,dst,relation
0.0,0.0,1,16,2
0.0,0.0,1,20,2
0.0,0.0,1,19,2
0.0,0.0,1,18,2
0.0,0.0,1,17,2
0.0,0.0,1,26,2
0.0,0.0,1,25,2
0.0,0.0,1,24,2
0.0,0.0,1,23,2
0.0,0.0,1,22,2
0.0,0.0,1,27,2
0.0,0.0,1,28,2
0.0,0.0,1,35,2
0.0,0.0,1,34,2
0.0,0.0,1,33,2
0.0,0.0,1,31,2
0.0,0.0,1,32,2
0.0,0.0,1,29,2
0.0,0.0,1,30,2
0.0,0.0,1,45,2
0.0,0.0,1,43,2
0.0,0.0,1,44,2
0.0,0.0,1,42,2
0.0,0.0,1,40,2
0.0,0.0,1,41,2
0.0,0.0,1,39,2
0.0,0.0,1,38,2
0.0,0.0,1,37,2
0.0,0.0,1,36,2
0.0,0.0,2,1,1
0.0,0.0,2,1,1
0.0,0.0,2,1,1
0.0,0.0,2,1,1
0.0,0.0,3,1,1
0.0,0.0,3,1,1
0.0,0.0,3,1,1
0.0,0.0,3,1,1
0.0,0.0,4,1,1
0.0,0.0,4,1,1
0.0,0.0,4,1,1
0.0,0.0,4,1,1
0.0,0.0,5,1,1
0.0,0.0,5,1,1
0.0,0.0,5,1,1
0.0,0.0,5,1,1
0.0,0.0,6,1,1
0.0,0.0,6,1,1
0.0,0.0,6,1,1
0.0,0.0,6,1,1
0.0,0.0,7,1,1
0.0,0.0,7,1,1
0.0,0.0,7,1,1
0.0,0.0,7,1,1
0.0,0.0,8,1,1
0.0,0.0,8,1,1
0.0,0.0,8,1,1
0.0,0.0,9,1,1
0.0,0.0,9,1,1
0.0,0.0,10,1,1
0.0,0.0,10,1,1
0.0,0.0,10,1,1
0.0,0.0,10,1,1
0.0,0.0,11,1,1
0.0,0.0,11,1,1
0.0,0.0,11,1,1
0.0,0.0,11,1,1
0.0,0.0,12,1,1
0.0,0.0,12,1,1
0.0,0.0,12,1,1
0.0,0.0,12,1,1
0.0,0.0,13,1,1
0.0,0.0,13,1,1
0.0,0.0,13,1,1
0.0,0.0,13,1,1
0.0,0.0,13,40,1
0.0,0.0,14,1,1
0.0,0.0,14,1,1
0.0,0.0,14,1,1
0.0,0.0,14,1,1
0.0,0.0,15,1,1
0.0,0.0,15,1,1
0.0,0.0,15,1,1
0.0,0.0,15,1,1
0.0,0.0,21,1,1
0.0,0.0,21,1,1
0.0,0.0,35,157,2
0.0,0.0,35,161,2
0.0,0.0,35,162,2
0.0,0.0,35,160,2
0.0,0.0,35,159,2
0.0,0.0,35,158,2
0.0,0.0,35,168,2
0.0,0.0,35,167,2
0.0,0.0,35,166,2
0.0,0.0,35,164,2
0.0,0.0,40,52,2
0.0,0.0,40,53,2
5.0,0.0,40,40,5
0.0,0.0,41,50,2
0.0,0.0,41,49,2
0.0,0.0,41,48,2
0.0,0.0,41,47,2
0.0,0.0,46,41,1
0.0,0.0,46,41,1
363.0,78900000.0,49,49,4
366.0,47586000.0,49,49,4
0.0,0.0,51,40,2
0.0,0.0,51,40,1
0.0,0.0,51,40,1
373.0,56428000.0,52,52,4
373.0,57039000.0,52,52,4
373.0,57629000.0,52,52,4
0.0,0.0,54,51,1
0.0,0.0,54,51,1
0.0,0.0,54,51,1
0.0,0.0,54,51,1
0.0,0.0,54,51,1
0.0,0.0,54,51,1
0.0,0.0,54,51,1
0.0,0.0,55,66,2
0.0,0.0,55,65,2
0.0,0.0,55,64,2
0.0,0.0,55,70,2
0.0,0.0,55,69,2
0.0,0.0,55,68,2
0.0,0.0,55,67,2
0.0,0.0,55,75,2
0.0,0.0,55,76,2
0.0,0.0,55,74,2
0.0,0.0,55,51,2
0.0,0.0,55,73,2
0.0,0.0,55,72,2
0.0,0.0,55,71,2
0.0,0.0,55,51,1
0.0,0.0,55,51,1
0.0,0.0,55,51,1
0.0,0.0,55,51,1
0.0,0.0,55,51,1
0.0,0.0,55,51,1
0.0,0.0,55,51,1
0.0,0.0,56,63,2
0.0,0.0,56,51,1
0.0,0.0,56,51,1
0.0,0.0,56,51,1
0.0,0.0,56,51,1
0.0,0.0,56,51,1
0.0,0.0,56,51,1
0.0,0.0,56,51,1
0.0,0.0,57,51,1
0.0,0.0,57,51,1
0.0,0.0,57,51,1
0.0,0.0,57,51,1
0.0,0.0,57,51,1
0.0,0.0,57,51,1
0.0,0.0,57,51,1
0.0,0.0,58,51,1
0.0,0.0,58,51,1
0.0,0.0,58,51,1
0.0,0.0,58,51,1
0.0,0.0,58,51,1
0.0,0.0,58,51,1
0.0,0.0,58,51,1
0.0,0.0,59,51,1
0.0,0.0,59,51,1
0.0,0.0,59,51,1
0.0,0.0,59,51,1
0.0,0.0,59,51,1
0.0,0.0,59,51,1
0.0,0.0,59,51,1
0.0,0.0,60,51,1
0.0,0.0,60,51,1
0.0,0.0,60,51,1
0.0,0.0,60,51,1
0.0,0.0,60,51,1
0.0,0.0,61,51,1
0.0,0.0,61,51,1
0.0,0.0,61,51,1
0.0,0.0,62,51,1
0.0,0.0,62,51,1
0.0,0.0,67,77,2
0.0,0.0,67,78,2
0.0,0.0,74,80,2
0.0,0.0,74,92,2
0.0,0.0,74,91,2
0.0,0.0,74,90,2
0.0,0.0,74,84,2
0.0,0.0,74,83,2
0.0,0.0,74,82,2
0.0,0.0,74,89,2
0.0,0.0,74,88,2
0.0,0.0,74,87,2
0.0,0.0,79,74,1
0.0,0.0,79,74,1
0.0,0.0,79,74,1
0.0,0.0,79,74,1
0.0,0.0,79,74,1
0.0,0.0,79,74,1
0.0,0.0,80,94,2
0.0,0.0,80,101,2
0.0,0.0,80,100,2
0.0,0.0,80,97,2
0.0,0.0,80,96,2
0.0,0.0,80,98,2
0.0,0.0,81,74,1
0.0,0.0,81,74,1
0.0,0.0,81,74,1
0.0,0.0,81,74,1
0.0,0.0,85,74,2
0.0,0.0,85,74,1
0.0,0.0,85,74,1
0.0,0.0,85,74,1
0.0,0.0,86,74,1
0.0,0.0,86,74,1
261.0,0.0,90,90,5
0.0,0.0,93,80,1
0.0,0.0,93,80,1
0.0,0.0,93,80,1
0.0,0.0,93,80,1
0.0,0.0,93,80,1
0.0,0.0,93,80,1
0.0,0.0,93,80,1
0.0,0.0,93,80,1
0.0,0.0,93,80,1
0.0,0.0,93,80,1
0.0,0.0,95,80,2
0.0,0.0,95,102,2
0.0,0.0,95,104,2
0.0,0.0,95,80,1
0.0,0.0,95,80,1
0.0,0.0,95,80,1
0.0,0.0,95,80,1
0.0,0.0,95,80,1
0.0,0.0,95,80,1
0.0,0.0,95,80,1
0.0,0.0,95,80,1
0.0,0.0,95,80,1
0.0,0.0,99,80,1
0.0,0.0,99,80,1
0.0,0.0,99,80,1
0.0,0.0,99,80,1
0.0,0.0,99,80,1
0.0,0.0,99,80,1
0.0,0.0,99,80,1
0.0,0.0,99,80,1
0.0,0.0,103,80,1
0.0,0.0,103,80,1
0.0,0.0,103,80,1
0.0,0.0,103,80,1
0.0,0.0,103,80,1
0.0,0.0,103,80,1
0.0,0.0,104,118,2
0.0,0.0,104,117,2
0.0,0.0,104,116,2
0.0,0.0,104,115,2
0.0,0.0,104,114,2
0.0,0.0,104,113,2
0.0,0.0,104,111,2
0.0,0.0,104,112,2
0.0,0.0,104,110,2
0.0,0.0,104,109,2
0.0,0.0,104,119,2
0.0,0.0,104,130,2
0.0,0.0,104,129,2
0.0,0.0,104,128,2
0.0,0.0,104,126,2
0.0,0.0,104,127,2
0.0,0.0,104,125,2
0.0,0.0,104,123,2
0.0,0.0,104,124,2
0.0,0.0,104,121,2
0.0,0.0,104,122,2
0.0,0.0,104,140,2
0.0,0.0,104,139,2
0.0,0.0,104,138,2
0.0,0.0,104,137,2
0.0,0.0,104,136,2
0.0,0.0,104,135,2
0.0,0.0,104,134,2
0.0,0.0,104,133,2
0.0,0.0,104,132,2
0.0,0.0,104,142,2
0.0,0.0,105,80,1
0.0,0.0,105,80,1
0.0,0.0,105,80,1
0.0,0.0,105,80,1
0.0,0.0,105,80,1
0.0,0.0,106,80,1
0.0,0.0,106,80,1
0.0,0.0,106,80,1
0.0,0.0,106,80,1
0.0,0.0,107,80,1
0.0,0.0,107,80,1
0.0,0.0,108,104,1
0.0,0.0,108,104,1
0.0,0.0,108,104,1
0.0,0.0,108,104,1
0.0,0.0,108,104,1
0.0,0.0,108,104,1
0.0,0.0,108,104,1
0.0,0.0,120,104,1
0.0,0.0,120,104,1
0.0,0.0,120,104,1
0.0,0.0,120,104,1
0.0,0.0,120,104,1
0.0,0.0,131,104,1
0.0,0.0,131,104,1
0.0,0.0,131,104,1
0.0,0.0,131,104,1
0.0,0.0,139,144,2
0.0,0.0,139,143,2
0.0,0.0,139,148,2
0.0,0.0,139,147,2
0.0,0.0,139,146,2
0.0,0.0,139,145,2
0.0,0.0,139,151,2
0.0,0.0,139,150,2
0.0,0.0,139,149,2
0.0,0.0,139,151,1
0.0,0.0,139,151,1
0.0,0.0,139,151,1
0.0,0.0,141,104,1
0.0,0.0,141,104,1
-811.0,0.0,143,143,5
0.0,0.0,151,155,2
0.0,0.0,151,154,2
0.0,0.0,151,153,2
0.0,0.0,152,151,1
0.0,0.0,152,151,1
0.0,0.0,152,151,1
0.0,0.0,156,151,1
0.0,0.0,156,151,1
0.0,0.0,163,170,2
0.0,0.0,163,169,2
0.0,0.0,163,35,2
0.0,0.0,163,34,2
0.0,0.0,163,171,2
0.0,0.0,163,158,2
0.0,0.0,163,172,2
0.0,0.0,163,35,1
0.0,0.0,163,35,1
0.0,0.0,163,35,1
0.0,0.0,165,35,1
0.0,0.0,165,35,1
0.0,0.0,169,176,2
0.0,0.0,169,175,2
0.0,0.0,169,174,2
0.0,0.0,169,179,2
0.0,0.0,169,178,2
0.0,0.0,169,177,2
0.0,0.0,169,185,2
0.0,0.0,169,184,2
0.0,0.0,169,182,2
0.0,0.0,169,183,2
0.0,0.0,169,181,2
0.0,0.0,169,180,2
0.0,0.0,173,169,1
0.0,0.0,173,169,1
-468.0,0.0,184,184,5
0.0,0.0,185,191,2
0.0,0.0,185,196,2
0.0,0.0,186,185,1
0.0,0.0,186,185,1
0.0,0.0,186,185,1
0.0,0.0,186,185,1
0.0,0.0,187,194,2
0.0,0.0,187,193,2
0.0,0.0,187,185,2
0.0,0.0,187,185,1
0.0,0.0,187,185,1
0.0,0.0,187,185,1
0.0,0.0,187,185,1
0.0,0.0,188,185,1
0.0,0.0,188,185,1
0.0,0.0,188,185,1
0.0,0.0,188,185,1
0.0,0.0,189,195,2
0.0,0.0,189,185,2
0.0,0.0,189,185,1
0.0,0.0,189,185,1
0.0,0.0,189,185,1
0.0,0.0,189,185,1
0.0,0.0,190,185,1
0.0,0.0,190,185,1
0.0,0.0,190,185,1
0.0,0.0,192,205,2
0.0,0.0,192,204,2
0.0,0.0,192,202,2
0.0,0.0,192,203,2
0.0,0.0,192,200,2
0.0,0.0,192,201,2
0.0,0.0,192,199,2
0.0,0.0,192,198,2
0.0,0.0,192,206,2
0.0,0.0,192,207,2
0.0,0.0,192,185,1
0.0,0.0,192,185,1
0.0,0.0,197,192,1
0.0,0.0,197,192,1
271.0,46976000.0,203,541,3
0.0,0.0,204,208,2
0.0,0.0,204,216,2
0.0,0.0,204,215,2
0.0,0.0,204,213,2
0.0,0.0,204,214,2
0.0,0.0,204,212,2
0.0,0.0,204,211,2
0.0,0.0,204,210,2
0.0,0.0,204,209,2
358.0,57557000.0,204,204,3
368.0,62039000.0,204,204,3
368.0,71049000.0,204,204,4
368.0,57327000.0,204,204,4
373.0,66874000.0,206,206,4
0.0,0.0,208,217,2
0.0,0.0,218,216,1
0.0,0.0,218,216,1
0.0,0.0,218,216,1
0.0,0.0,218,216,1
0.0,0.0,218,216,1
0.0,0.0,218,216,1
0.0,0.0,218,216,1
0.0,0.0,218,216,1
0.0,0.0,218,216,1
0.0,0.0,218,216,1
0.0,0.0,218,216,1
0.0,0.0,219,216,1
0.0,0.0,219,216,1
0.0,0.0,219,216,1
0.0,0.0,219,216,1
0.0,0.0,219,216,1
0.0,0.0,219,216,1
0.0,0.0,219,216,1
0.0,0.0,219,216,1
0.0,0.0,219,216,1
0.0,0.0,219,216,1
0.0,0.0,219,216,1
0.0,0.0,220,216,1
0.0,0.0,220,216,1
0.0,0.0,220,216,1
0.0,0.0,220,216,1
0.0,0.0,220,216,1
0.0,0.0,220,216,1
0.0,0.0,220,216,1
0.0,0.0,220,216,1
0.0,0.0,220,216,1
0.0,0.0,220,216,1
0.0,0.0,220,216,1
0.0,0.0,221,216,1
0.0,0.0,221,216,1
0.0,0.0,221,216,1
0.0,0.0,221,216,1
0.0,0.0,221,216,1
0.0,0.0,221,216,1
0.0,0.0,221,216,1
0.0,0.0,221,216,1
0.0,0.0,221,216,1
0.0,0.0,221,216,1
0.0,0.0,221,216,1
0.0,0.0,222,216,1
0.0,0.0,222,216,1
0.0,0.0,222,216,1
0.0,0.0,222,216,1
0.0,0.0,222,216,1
0.0,0.0,222,216,1
0.0,0.0,222,216,1
0.0,0.0,222,216,1
0.0,0.0,222,216,1
0.0,0.0,222,216,1
0.0,0.0,222,216,1
0.0,0.0,223,216,2
0.0,0.0,223,230,2
0.0,0.0,223,231,2
0.0,0.0,223,232,2
0.0,0.0,223,237,2
0.0,0.0,223,238,2
0.0,0.0,223,236,2
0.0,0.0,223,235,2
0.0,0.0,223,234,2
0.0,0.0,223,233,2
0.0,0.0,223,216,1
0.0,0.0,223,216,1
0.0,0.0,223,216,1
0.0,0.0,223,216,1
0.0,0.0,223,216,1
0.0,0.0,223,216,1
0.0,0.0,223,216,1
0.0,0.0,223,216,1
0.0,0.0,223,216,1
0.0,0.0,223,216,1
0.0,0.0,223,216,1
0.0,0.0,224,216,1
0.0,0.0,224,216,1
0.0,0.0,224,216,1
0.0,0.0,224,216,1
0.0,0.0,224,216,1
0.0,0.0,224,216,1
0.0,0.0,224,216,1
0.0,0.0,224,216,1
0.0,0.0,224,216,1
0.0,0.0,224,216,1
0.0,0.0,225,216,1
0.0,0.0,225,216,1
0.0,0.0,225,216,1
0.0,0.0,225,216,1
0.0,0.0,225,216,1
0.0,0.0,225,216,1
0.0,0.0,225,216,1
0.0,0.0,225,216,1
0.0,0.0,225,216,1
0.0,0.0,226,216,1
0.0,0.0,226,216,1
0.0,0.0,226,216,1
0.0,0.0,226,216,1
0.0,0.0,226,216,1
0.0,0.0,226,216,1
0.0,0.0,226,216,1
0.0,0.0,227,216,1
0.0,0.0,227,216,1
0.0,0.0,227,216,1
0.0,0.0,227,216,1
0.0,0.0,227,216,1
0.0,0.0,228,216,1
0.0,0.0,228,216,1
0.0,0.0,228,216,1
0.0,0.0,228,216,1
0.0,0.0,229,216,1
0.0,0.0,229,216,1
355.0,0.0,230,230,5
318.0,70241000.0,232,232,4
0.0,0.0,239,232,2
0.0,0.0,239,232,1
0.0,0.0,239,232,1
0.0,0.0,240,236,1
0.0,0.0,240,236,1
0.0,0.0,241,236,1
0.0,0.0,241,236,1
0.0,0.0,242,236,1
0.0,0.0,242,236,1
0.0,0.0,243,236,1
0.0,0.0,243,236,1
0.0,0.0,244,256,2
0.0,0.0,244,255,2
0.0,0.0,244,254,2
0.0,0.0,244,253,2
0.0,0.0,244,252,2
0.0,0.0,244,251,2
0.0,0.0,244,250,2
0.0,0.0,244,236,2
0.0,0.0,244,236,1
0.0,0.0,244,236,1
0.0,0.0,245,236,1
0.0,0.0,245,236,1
0.0,0.0,246,236,1
0.0,0.0,246,236,1
0.0,0.0,247,236,1
0.0,0.0,247,236,1
0.0,0.0,248,236,1
0.0,0.0,248,236,1
0.0,0.0,249,236,2
0.0,0.0,249,236,1
0.0,0.0,249,236,1
0.0,0.0,252,270,2
0.0,0.0,252,258,2
0.0,0.0,252,257,2
0.0,0.0,252,267,2
0.0,0.0,252,266,2
0.0,0.0,252,265,2
0.0,0.0,252,262,2
0.0,0.0,252,263,2
0.0,0.0,252,260,2
0.0,0.0,252,259,2
0.0,0.0,252,261,2
0.0,0.0,264,263,1
0.0,0.0,264,263,1
0.0,0.0,265,276,2
0.0,0.0,265,275,2
0.0,0.0,265,274,2
0.0,0.0,265,273,2
0.0,0.0,265,272,2
0.0,0.0,265,271,2
-618.0,65744000.0,266,266,4
0.0,0.0,268,267,1
0.0,0.0,268,267,1
0.0,0.0,269,267,1
0.0,0.0,269,267,1
0.0,0.0,273,280,2
0.0,0.0,273,279,2
0.0,0.0,273,277,2
0.0,0.0,273,278,2
0.0,0.0,273,288,2
0.0,0.0,273,289,2
0.0,0.0,273,287,2
0.0,0.0,281,273,1
0.0,0.0,281,273,1
0.0,0.0,281,273,1
0.0,0.0,281,273,1
0.0,0.0,282,273,1
0.0,0.0,282,273,1
0.0,0.0,282,273,1
0.0,0.0,282,273,1
0.0,0.0,283,273,1
0.0,0.0,283,273,1
0.0,0.0,283,273,1
0.0,0.0,283,273,1
0.0,0.0,284,273,1
0.0,0.0,284,273,1
0.0,0.0,284,273,1
0.0,0.0,284,273,1
0.0,0.0,285,273,1
0.0,0.0,285,273,1
0.0,0.0,285,273,1
0.0,0.0,285,273,1
0.0,0.0,286,273,1
0.0,0.0,286,273,1
0.0,0.0,286,273,1
0.0,0.0,286,273,1
0.0,0.0,290,273,1
0.0,0.0,290,273,1
0.0,0.0,290,273,1
0.0,0.0,291,273,1
0.0,0.0,291,273,1
0.0,0.0,292,284,1
0.0,0.0,292,284,1
0.0,0.0,292,284,1
0.0,0.0,293,284,1
0.0,0.0,293,284,1
0.0,0.0,293,284,1
0.0,0.0,294,284,1
0.0,0.0,294,284,1
0.0,0.0,294,284,1
0.0,0.0,295,284,1
0.0,0.0,295,284,1
0.0,0.0,295,284,1
0.0,0.0,296,284,1
0.0,0.0,296,284,1
0.0,0.0,296,284,1
0.0,0.0,297,311,2
0.0,0.0,297,310,2
0.0,0.0,297,309,2
0.0,0.0,297,308,2
0.0,0.0,297,326,2
0.0,0.0,297,325,2
0.0,0.0,297,324,2
0.0,0.0,297,320,2
0.0,0.0,297,319,2
0.0,0.0,297,332,2
0.0,0.0,297,331,2
0.0,0.0,297,330,2
0.0,0.0,297,329,2
0.0,0.0,297,345,2
0.0,0.0,297,344,2
0.0,0.0,297,343,2
0.0,0.0,297,342,2
0.0,0.0,297,341,2
0.0,0.0,297,340,2
0.0,0.0,297,339,2
0.0,0.0,297,338,2
0.0,0.0,297,337,2
0.0,0.0,297,336,2
0.0,0.0,297,335,2
0.0,0.0,297,284,1
0.0,0.0,297,284,1
0.0,0.0,297,284,1
0.0,0.0,297,310,1
0.0,0.0,297,311,1
0.0,0.0,297,310,1
0.0,0.0,297,311,1
0.0,0.0,297,310,1
0.0,0.0,297,311,1
0.0,0.0,297,310,1
0.0,0.0,297,330,1
0.0,0.0,297,330,1
0.0,0.0,297,335,1
0.0,0.0,297,330,1
0.0,0.0,297,335,1
0.0,0.0,297,330,1
0.0,0.0,297,335,1
0.0,0.0,297,330,1
0.0,0.0,297,335,1
0.0,0.0,297,330,1
0.0,0.0,297,335,1
0.0,0.0,298,306,2
0.0,0.0,298,307,2
0.0,0.0,298,318,2
0.0,0.0,298,328,2
0.0,0.0,298,327,2
0.0,0.0,298,334,2
0.0,0.0,298,333,2
0.0,0.0,298,284,1
0.0,0.0,298,284,1
0.0,0.0,298,284,1
0.0,0.0,299,284,1
0.0,0.0,299,284,1
0.0,0.0,299,284,1
0.0,0.0,300,284,1
0.0,0.0,300,284,1
0.0,0.0,300,284,1
0.0,0.0,301,284,1
0.0,0.0,301,284,1
0.0,0.0,301,284,1
0.0,0.0,302,284,1
0.0,0.0,302,284,1
0.0,0.0,302,284,1
0.0,0.0,303,284,1
0.0,0.0,303,284,1
0.0,0.0,303,284,1
0.0,0.0,304,284,1
0.0,0.0,304,284,1
0.0,0.0,304,284,1
0.0,0.0,305,284,1
0.0,0.0,305,284,1
0.0,0.0,312,296,1
0.0,0.0,312,296,1
0.0,0.0,312,296,1
0.0,0.0,312,296,1
0.0,0.0,312,296,1
0.0,0.0,312,296,1
0.0,0.0,312,296,1
0.0,0.0,313,296,1
0.0,0.0,313,296,1
0.0,0.0,313,296,1
0.0,0.0,313,296,1
0.0,0.0,313,296,1
0.0,0.0,313,296,1
0.0,0.0,313,296,1
0.0,0.0,314,296,1
0.0,0.0,314,296,1
0.0,0.0,314,296,1
0.0,0.0,314,296,1
0.0,0.0,314,296,1
0.0,0.0,314,296,1
0.0,0.0,315,296,1
0.0,0.0,315,296,1
0.0,0.0,315,296,1
0.0,0.0,315,296,1
0.0,0.0,315,296,1
0.0,0.0,316,296,1
0.0,0.0,316,296,1
0.0,0.0,316,296,1
0.0,0.0,316,296,1
0.0,0.0,317,296,1
0.0,0.0,317,296,1
0.0,0.0,317,296,1
0.0,0.0,321,311,1
0.0,0.0,321,311,1
0.0,0.0,322,310,1
0.0,0.0,322,310,1
0.0,0.0,322,310,1
0.0,0.0,323,310,1
0.0,0.0,323,310,1
0.0,0.0,329,356,2
0.0,0.0,329,355,2
0.0,0.0,329,354,2
0.0,0.0,329,353,2
0.0,0.0,329,352,2
0.0,0.0,329,351,2
0.0,0.0,346,335,1
0.0,0.0,346,335,1
0.0,0.0,346,335,1
0.0,0.0,346,335,1
0.0,0.0,346,335,1
0.0,0.0,347,335,1
0.0,0.0,347,335,1
0.0,0.0,347,335,1
0.0,0.0,347,335,1
0.0,0.0,348,335,1
0.0,0.0,348,335,1
0.0,0.0,348,335,1
0.0,0.0,349,335,1
0.0,0.0,349,335,1
0.0,0.0,350,335,1
0.0,0.0,353,362,2
0.0,0.0,353,361,2
0.0,0.0,353,360,2
0.0,0.0,353,359,2
0.0,0.0,353,358,2
0.0,0.0,353,357,2
0.0,0.0,353,366,2
0.0,0.0,353,365,2
0.0,0.0,353,364,2
0.0,0.0,353,363,2
373.0,81748000.0,359,359,3
0.0,0.0,360,367,2
0.0,0.0,360,368,2
0.0,0.0,360,372,2
0.0,0.0,360,371,2
0.0,0.0,360,370,2
0.0,0.0,360,369,2
367.0,80127000.0,360,360,4
373.0,52663000.0,360,360,4
373.0,79782000.0,360,360,4
369.0,85576000.0,362,362,4
117.0,85888000.0,366,366,4
117.0,85549000.0,366,366,4
167.0,39162000.0,366,366,4
0.0,0.0,370,374,2
0.0,0.0,370,373,2
0.0,0.0,370,360,2
0.0,0.0,370,367,2
0.0,0.0,370,371,2
0.0,0.0,370,378,2
0.0,0.0,370,377,2
0.0,0.0,370,376,2
0.0,0.0,370,375,2
0.0,0.0,375,379,2
0.0,0.0,375,385,2
0.0,0.0,375,384,2
0.0,0.0,375,383,2
0.0,0.0,375,382,2
0.0,0.0,375,381,2
0.0,0.0,375,380,2
0.0,0.0,375,360,2
0.0,0.0,379,389,2
0.0,0.0,379,388,2
0.0,0.0,379,387,2
0.0,0.0,379,393,2
0.0,0.0,379,392,2
310.0,63005000.0,379,379,3
311.0,72491000.0,379,379,3
311.0,72273000.0,379,379,3
311.0,72491000.0,379,379,3
306.0,0.0,379,379,5
307.0,0.0,379,379,5
311.0,0.0,379,379,5
0.0,0.0,386,379,1
0.0,0.0,386,379,1
0.0,0.0,386,379,1
0.0,0.0,386,379,1
0.0,0.0,386,379,1
0.0,0.0,386,379,1
0.0,0.0,390,379,1
0.0,0.0,390,379,1
0.0,0.0,390,379,1
0.0,0.0,390,379,1
0.0,0.0,391,379,1
0.0,0.0,391,379,1
0.0,0.0,393,399,2
0.0,0.0,393,398,2
0.0,0.0,393,402,2
0.0,0.0,393,401,2
0.0,0.0,393,400,2
0.0,0.0,393,404,2
0.0,0.0,393,403,2
373.0,79353000.0,393,393,3
372.0,0.0,393,393,5
0.0,0.0,394,387,2
0.0,0.0,394,387,1
0.0,0.0,394,387,1
0.0,0.0,394,387,1
0.0,0.0,394,387,1
0.0,0.0,394,387,1
0.0,0.0,394,387,1
0.0,0.0,395,387,1
0.0,0.0,395,387,1
0.0,0.0,395,387,1
0.0,0.0,395,387,1
0.0,0.0,395,387,1
238.0,0.0,395,395,5
0.0,0.0,396,387,1
0.0,0.0,396,387,1
0.0,0.0,396,387,1
0.0,0.0,396,387,1
0.0,0.0,397,387,1
0.0,0.0,397,387,1
200.0,67833000.0,399,399,4
373.0,66875000.0,401,401,4
373.0,66869000.0,401,401,4
373.0,66864000.0,401,401,4
373.0,66859000.0,401,401,4
373.0,69438000.0,401,401,4
373.0,69430000.0,401,401,4
373.0,69424000.0,401,401,4
373.0,69420000.0,401,401,4
0.0,0.0,402,411,2
0.0,0.0,402,410,2
0.0,0.0,402,409,2
0.0,0.0,402,408,2
0.0,0.0,402,407,2
0.0,0.0,402,406,2
0.0,0.0,402,405,2
0.0,0.0,402,414,2
0.0,0.0,402,413,2
0.0,0.0,402,412,2
0.0,0.0,402,410,1
0.0,0.0,402,410,1
0.0,0.0,402,410,1
0.0,0.0,402,410,1
0.0,0.0,402,410,1
0.0,0.0,402,410,1
351.0,863000.0,402,402,3
322.0,39287000.0,402,402,3
-794.0,83777000.0,402,402,4
-763.0,80962000.0,402,402,4
-651.0,54207000.0,402,402,4
0.0,0.0,410,419,2
0.0,0.0,410,418,2
0.0,0.0,410,417,2
0.0,0.0,410,416,2
0.0,0.0,410,420,2
0.0,0.0,410,421,2
0.0,0.0,410,376,2
0.0,0.0,415,402,1
0.0,0.0,415,402,1
0.0,0.0,415,402,1
0.0,0.0,418,419,2
0.0,0.0,418,424,2
0.0,0.0,418,423,2
0.0,0.0,418,429,2
0.0,0.0,418,428,2
0.0,0.0,418,427,2
0.0,0.0,418,426,2
0.0,0.0,418,425,2
0.0,0.0,418,430,2
0.0,0.0,419,422,2
0.0,0.0,419,418,2
0.0,0.0,428,80,2
0.0,0.0,428,433,2
0.0,0.0,428,432,2
0.0,0.0,428,434,2
0.0,0.0,428,442,2
0.0,0.0,428,441,2
0.0,0.0,428,440,2
0.0,0.0,428,439,2
0.0,0.0,428,438,2
0.0,0.0,428,437,2
0.0,0.0,428,435,2
0.0,0.0,428,436,2
0.0,0.0,431,418,1
0.0,0.0,431,418,1
0.0,0.0,431,418,1
305.0,0.0,434,434,5
0.0,0.0,440,447,2
0.0,0.0,440,451,2
0.0,0.0,440,450,2
0.0,0.0,440,449,2
0.0,0.0,440,448,2
0.0,0.0,440,450,1
0.0,0.0,440,450,1
0.0,0.0,440,450,1
0.0,0.0,440,450,1
341.0,79397000.0,440,440,3
313.0,72863000.0,440,440,3
160.0,1558000.0,440,440,3
-15.0,61020000.0,440,440,3
-81.0,75870000.0,440,440,3
-153.0,51026000.0,440,440,3
0.0,0.0,443,441,1
0.0,0.0,443,441,1
0.0,0.0,443,441,1
0.0,0.0,443,441,1
0.0,0.0,443,441,1
0.0,0.0,443,441,1
0.0,0.0,444,441,1
0.0,0.0,444,441,1
0.0,0.0,444,441,1
0.0,0.0,444,441,1
0.0,0.0,444,441,1
0.0,0.0,444,441,1
0.0,0.0,445,441,1
0.0,0.0,445,441,1
0.0,0.0,445,441,1
0.0,0.0,445,441,1
0.0,0.0,445,441,1
0.0,0.0,445,441,1
0.0,0.0,446,441,1
0.0,0.0,446,441,1
0.0,0.0,446,441,1
0.0,0.0,446,441,1
0.0,0.0,450,454,2
0.0,0.0,452,447,1
0.0,0.0,452,447,1
0.0,0.0,452,447,1
0.0,0.0,452,447,1
0.0,0.0,452,447,1
0.0,0.0,453,447,1
0.0,0.0,453,447,1
0.0,0.0,453,447,1
0.0,0.0,455,450,1
0.0,0.0,455,450,1
0.0,0.0,455,450,1
0.0,0.0,455,450,1
0.0,0.0,455,450,1
0.0,0.0,455,450,1
0.0,0.0,455,450,1
0.0,0.0,456,466,2
0.0,0.0,456,465,2
0.0,0.0,456,464,2
0.0,0.0,456,463,2
0.0,0.0,456,462,2
0.0,0.0,456,461,2
0.0,0.0,456,468,2
0.0,0.0,456,450,2
0.0,0.0,456,467,2
0.0,0.0,456,483,2
0.0,0.0,456,482,2
0.0,0.0,456,481,2
0.0,0.0,456,480,2
0.0,0.0,456,479,2
0.0,0.0,456,478,2
0.0,0.0,456,477,2
0.0,0.0,456,476,2
0.0,0.0,456,475,2
0.0,0.0,456,474,2
0.0,0.0,456,472,2
0.0,0.0,456,471,2
0.0,0.0,456,470,2
0.0,0.0,456,450,1
0.0,0.0,456,450,1
0.0,0.0,456,450,1
0.0,0.0,456,450,1
0.0,0.0,456,450,1
0.0,0.0,456,450,1
0.0,0.0,456,450,1
0.0,0.0,457,450,1
0.0,0.0,457,450,1
0.0,0.0,457,450,1
0.0,0.0,457,450,1
0.0,0.0,457,450,1
0.0,0.0,457,450,1
0.0,0.0,457,450,1
0.0,0.0,458,450,1
0.0,0.0,458,450,1
0.0,0.0,458,450,1
0.0,0.0,458,450,1
0.0,0.0,458,450,1
0.0,0.0,458,450,1
0.0,0.0,459,450,1
0.0,0.0,459,450,1
0.0,0.0,459,450,1
0.0,0.0,459,450,1
0.0,0.0,459,450,1
0.0,0.0,459,450,1
0.0,0.0,459,450,1
373.0,77584000.0,459,459,4
374.0,18034000.0,459,459,5
374.0,39634000.0,459,459,5
0.0,0.0,460,450,1
0.0,0.0,460,450,1
0.0,0.0,460,450,1
349.0,0.0,461,469,5
305.0,0.0,461,461,5
0.0,0.0,469,461,2
0.0,0.0,469,484,2
0.0,0.0,469,489,2
0.0,0.0,469,488,2
0.0,0.0,469,495,2
0.0,0.0,469,494,2
0.0,0.0,469,493,2
0.0,0.0,469,492,2
0.0,0.0,469,491,2
0.0,0.0,469,490,2
0.0,0.0,469,461,1
0.0,0.0,469,461,1
0.0,0.0,469,461,1
349.0,37605000.0,469,461,4
371.0,53362000.0,469,469,4
0.0,0.0,473,471,1
0.0,0.0,473,471,1
291.0,0.0,483,468,5
0.0,0.0,485,480,1
0.0,0.0,485,480,1
0.0,0.0,485,480,1
0.0,0.0,485,480,1
0.0,0.0,486,480,1
0.0,0.0,486,480,1
0.0,0.0,487,480,1
326.0,280000.0,487,487,4
0.0,0.0,493,499,2
0.0,0.0,493,498,2
0.0,0.0,493,490,2
0.0,0.0,493,504,2
0.0,0.0,493,505,2
0.0,0.0,493,503,2
0.0,0.0,493,502,2
0.0,0.0,493,501,2
0.0,0.0,493,506,2
0.0,0.0,493,509,2
0.0,0.0,493,507,2
0.0,0.0,493,508,2
0.0,0.0,493,510,2
0.0,0.0,493,492,2
0.0,0.0,493,511,2
334.0,54416000.0,494,494,4
334.0,54498000.0,494,494,4
334.0,54431000.0,494,494,4
299.0,62631000.0,495,495,4
300.0,64106000.0,495,495,4
304.0,62658000.0,495,495,4
234.0,0.0,495,495,5
0.0,0.0,496,495,1
0.0,0.0,496,495,1
0.0,0.0,496,495,1
0.0,0.0,497,493,1
0.0,0.0,497,493,1
0.0,0.0,497,493,1
0.0,0.0,500,493,1
0.0,0.0,500,493,1
361.0,42786000.0,506,506,4
371.0,80394000.0,506,506,4
370.0,167000.0,506,506,4
367.0,68092000.0,506,506,4
366.0,34935000.0,506,506,4
365.0,51991000.0,506,506,4
365.0,39916000.0,506,506,4
364.0,40830000.0,506,506,4
363.0,37761000.0,506,506,4
362.0,79680000.0,506,506,4
360.0,39727000.0,506,506,4
359.0,44519000.0,506,506,4
358.0,64184000.0,506,506,4
358.0,41073000.0,506,506,4
261.0,0.0,506,506,5
261.0,0.0,506,506,5
261.0,0.0,506,506,5
0.0,0.0,508,517,2
0.0,0.0,508,516,2
0.0,0.0,508,515,2
0.0,0.0,508,514,2
267.0,78824000.0,510,510,4
267.0,78753000.0,510,510,4
284.0,20387000.0,510,510,4
0.0,0.0,512,508,1
0.0,0.0,512,508,1
0.0,0.0,512,508,1
0.0,0.0,512,508,1
0.0,0.0,513,508,1
0.0,0.0,513,508,1
0.0,0.0,513,508,1
0.0,0.0,513,508,1
363.0,48889000.0,514,514,4
365.0,82085000.0,514,514,4
0.0,0.0,515,522,2
0.0,0.0,515,521,2
0.0,0.0,515,520,2
0.0,0.0,515,519,2
0.0,0.0,515,524,2
0.0,0.0,515,523,2
0.0,0.0,515,527,2
0.0,0.0,515,525,2
0.0,0.0,515,526,2
0.0,0.0,515,529,2
0.0,0.0,515,528,2
0.0,0.0,518,508,1
0.0,0.0,518,508,1
0.0,0.0,518,508,1
356.0,73302000.0,525,575,3
0.0,0.0,526,542,2
0.0,0.0,526,540,2
0.0,0.0,526,541,2
0.0,0.0,526,539,2
0.0,0.0,526,538,2
0.0,0.0,526,536,2
0.0,0.0,526,537,2
0.0,0.0,526,534,2
0.0,0.0,526,535,2
0.0,0.0,526,533,2
0.0,0.0,526,531,2
0.0,0.0,526,532,2
0.0,0.0,526,515,2
0.0,0.0,530,526,2
0.0,0.0,530,526,1
0.0,0.0,530,526,1
0.0,0.0,530,526,1
0.0,0.0,530,526,1
0.0,0.0,530,526,1
369.0,54406000.0,538,704,4
271.0,0.0,541,721,5
0.0,0.0,543,526,2
0.0,0.0,543,550,2
0.0,0.0,543,549,2
0.0,0.0,543,548,2
0.0,0.0,543,551,2
0.0,0.0,543,526,1
0.0,0.0,543,526,1
0.0,0.0,543,526,1
0.0,0.0,543,550,1
0.0,0.0,543,550,1
0.0,0.0,543,550,1
0.0,0.0,543,550,1
0.0,0.0,544,530,1
0.0,0.0,544,530,1
-1536.0,78053000.0,544,544,4
0.0,0.0,545,526,2
0.0,0.0,545,547,2
0.0,0.0,545,526,1
0.0,0.0,545,526,1
0.0,0.0,546,545,1
0.0,0.0,546,545,1
0.0,0.0,550,558,2
0.0,0.0,550,557,2
0.0,0.0,550,556,2
0.0,0.0,550,555,2
0.0,0.0,550,554,2
0.0,0.0,550,553,2
354.0,57775000.0,551,551,4
355.0,4426000.0,551,551,4
357.0,43506000.0,551,551,4
354.0,57902000.0,551,551,4
0.0,0.0,552,550,1
0.0,0.0,552,550,1
0.0,0.0,552,550,1
0.0,0.0,552,550,1
0.0,0.0,555,561,2
0.0,0.0,555,550,2
0.0,0.0,555,564,2
0.0,0.0,555,563,2
368.0,44345000.0,555,561,4
370.0,0.0,555,565,5
274.0,0.0,555,568,5
0.0,0.0,559,550,1
0.0,0.0,559,550,1
0.0,0.0,559,550,1
0.0,0.0,560,550,1
0.0,0.0,560,550,1
368.0,0.0,561,555,5
0.0,0.0,562,574,2
0.0,0.0,562,573,2
0.0,0.0,562,572,2
0.0,0.0,562,571,2
0.0,0.0,562,570,2
0.0,0.0,562,568,2
0.0,0.0,562,569,2
0.0,0.0,562,567,2
0.0,0.0,562,555,2
0.0,0.0,562,575,2
0.0,0.0,562,508,2
0.0,0.0,562,577,2
0.0,0.0,562,576,2
0.0,0.0,562,591,2
0.0,0.0,562,589,2
0.0,0.0,562,590,2
0.0,0.0,562,588,2
0.0,0.0,562,587,2
0.0,0.0,562,586,2
0.0,0.0,562,585,2
0.0,0.0,562,584,2
0.0,0.0,562,583,2
0.0,0.0,562,581,2
0.0,0.0,562,582,2
0.0,0.0,562,579,2
0.0,0.0,562,580,2
0.0,0.0,562,522,2
0.0,0.0,562,578,2
0.0,0.0,562,555,1
0.0,0.0,562,555,1
0.0,0.0,562,555,1
0.0,0.0,565,555,1
0.0,0.0,565,555,1
0.0,0.0,566,562,1
0.0,0.0,566,562,1
306.0,0.0,567,567,5
272.0,42716000.0,574,541,3
364.0,82591000.0,577,577,4
364.0,84015000.0,577,577,4
0.0,0.0,587,600,2
0.0,0.0,587,599,2
0.0,0.0,587,603,2
373.0,84844000.0,587,587,4
0.0,0.0,588,535,2
0.0,0.0,592,588,1
0.0,0.0,592,588,1
0.0,0.0,592,588,1
0.0,0.0,592,588,1
0.0,0.0,592,588,1
0.0,0.0,592,588,1
0.0,0.0,592,588,1
0.0,0.0,593,588,1
0.0,0.0,593,588,1
0.0,0.0,593,588,1
0.0,0.0,593,588,1
0.0,0.0,593,588,1
0.0,0.0,593,588,1
0.0,0.0,593,588,1
0.0,0.0,594,588,1
0.0,0.0,594,588,1
0.0,0.0,594,588,1
0.0,0.0,594,588,1
0.0,0.0,594,588,1
0.0,0.0,594,588,1
0.0,0.0,594,588,1
0.0,0.0,595,588,1
0.0,0.0,595,588,1
0.0,0.0,595,588,1
0.0,0.0,595,588,1
0.0,0.0,595,588,1
0.0,0.0,595,588,1
0.0,0.0,595,588,1
0.0,0.0,596,588,1
0.0,0.0,596,588,1
0.0,0.0,596,588,1
0.0,0.0,596,588,1
0.0,0.0,596,588,1
0.0,0.0,596,588,1
0.0,0.0,596,588,1
0.0,0.0,597,588,1
0.0,0.0,597,588,1
0.0,0.0,597,588,1
0.0,0.0,597,588,1
0.0,0.0,597,588,1
0.0,0.0,597,588,1
0.0,0.0,597,588,1
0.0,0.0,598,587,1
0.0,0.0,598,587,1
0.0,0.0,598,587,1
0.0,0.0,598,587,1
0.0,0.0,598,587,1
0.0,0.0,598,587,1
0.0,0.0,601,588,2
0.0,0.0,601,508,2
0.0,0.0,601,608,2
0.0,0.0,601,607,2
0.0,0.0,601,605,2
0.0,0.0,601,609,2
0.0,0.0,601,588,1
0.0,0.0,601,588,1
0.0,0.0,601,588,1
0.0,0.0,601,588,1
0.0,0.0,601,588,1
0.0,0.0,602,587,1
0.0,0.0,602,587,1
0.0,0.0,602,587,1
0.0,0.0,602,587,1
0.0,0.0,604,588,1
0.0,0.0,604,588,1
0.0,0.0,604,588,1
0.0,0.0,605,525,2
0.0,0.0,605,613,2
0.0,0.0,605,612,2
0.0,0.0,605,611,2
0.0,0.0,605,610,2
0.0,0.0,605,614,2
0.0,0.0,605,618,2
0.0,0.0,605,617,2
0.0,0.0,605,616,2
0.0,0.0,605,615,2
0.0,0.0,605,537,2
368.0,82076000.0,605,508,3
374.0,41178000.0,605,605,4
236.0,73789000.0,605,605,4
236.0,73590000.0,605,605,4
0.0,0.0,606,587,1
0.0,0.0,606,587,1
0.0,0.0,619,623,2
0.0,0.0,619,622,2
0.0,0.0,619,621,2
0.0,0.0,619,620,2
0.0,0.0,619,605,2
0.0,0.0,619,624,2
0.0,0.0,619,628,2
0.0,0.0,619,627,2
0.0,0.0,619,626,2
0.0,0.0,619,625,2
0.0,0.0,619,605,1
0.0,0.0,619,605,1
0.0,0.0,619,605,1
0.0,0.0,619,628,1
0.0,0.0,619,628,1
367.0,79224000.0,619,619,4
0.0,0.0,628,634,2
0.0,0.0,628,633,2
0.0,0.0,628,632,2
0.0,0.0,628,631,2
0.0,0.0,628,630,2
0.0,0.0,628,629,2
373.0,53296000.0,628,628,4
374.0,7234000.0,628,643,5
373.0,51360000.0,628,637,5
316.0,867000.0,631,366,3
326.0,0.0,633,647,5
0.0,0.0,635,628,1
0.0,0.0,635,628,1
0.0,0.0,636,628,1
0.0,0.0,636,628,1
0.0,0.0,637,628,1
0.0,0.0,637,628,1
373.0,51891000.0,637,628,3
0.0,0.0,638,628,1
0.0,0.0,638,628,1
0.0,0.0,639,628,1
0.0,0.0,639,628,1
0.0,0.0,640,628,1
0.0,0.0,640,628,1
0.0,0.0,641,628,1
0.0,0.0,641,628,1
0.0,0.0,642,628,1
0.0,0.0,642,628,1
0.0,0.0,643,628,1
0.0,0.0,643,628,1
0.0,0.0,644,628,1
0.0,0.0,644,628,1
0.0,0.0,645,628,1
0.0,0.0,645,628,1
0.0,0.0,646,628,1
0.0,0.0,646,628,1
0.0,0.0,647,628,2
0.0,0.0,647,658,2
0.0,0.0,647,657,2
0.0,0.0,647,656,2
0.0,0.0,647,655,2
0.0,0.0,647,654,2
0.0,0.0,647,653,2
0.0,0.0,647,652,2
0.0,0.0,647,651,2
0.0,0.0,647,650,2
0.0,0.0,647,649,2
0.0,0.0,647,648,2
0.0,0.0,647,629,2
0.0,0.0,647,628,1
0.0,0.0,647,628,1
373.0,75634000.0,649,647,5
0.0,0.0,654,661,2
0.0,0.0,654,660,2
0.0,0.0,654,659,2
0.0,0.0,654,539,2
0.0,0.0,654,664,2
0.0,0.0,654,663,2
0.0,0.0,654,666,2
373.0,71132000.0,654,203,4
0.0,0.0,662,654,1
0.0,0.0,662,654,1
0.0,0.0,662,654,1
0.0,0.0,662,654,1
0.0,0.0,662,654,1
0.0,0.0,664,673,2
0.0,0.0,664,672,2
0.0,0.0,664,671,2
0.0,0.0,664,670,2
0.0,0.0,664,571,2
0.0,0.0,664,669,2
0.0,0.0,664,668,2
0.0,0.0,664,667,2
0.0,0.0,664,674,2
0.0,0.0,664,654,2
0.0,0.0,664,685,2
0.0,0.0,664,684,2
0.0,0.0,664,683,2
0.0,0.0,664,682,2
0.0,0.0,664,681,2
0.0,0.0,664,679,2
0.0,0.0,664,680,2
0.0,0.0,664,678,2
0.0,0.0,664,677,2
0.0,0.0,664,676,2
0.0,0.0,664,535,2
0.0,0.0,664,501,2
0.0,0.0,664,675,2
0.0,0.0,664,505,2
0.0,0.0,664,528,2
0.0,0.0,664,522,2
373.0,72034000.0,664,684,5
0.0,0.0,665,654,1
0.0,0.0,665,654,1
0.0,0.0,665,654,1
368.0,19010000.0,673,508,3
0.0,0.0,674,615,2
0.0,0.0,674,695,2
0.0,0.0,674,693,2
0.0,0.0,674,679,2
0.0,0.0,674,694,2
0.0,0.0,674,692,2
0.0,0.0,674,691,2
0.0,0.0,674,690,2
0.0,0.0,674,689,2
0.0,0.0,674,688,2
0.0,0.0,674,586,2
0.0,0.0,674,696,2
0.0,0.0,674,505,2
0.0,0.0,674,617,2
0.0,0.0,674,702,2
0.0,0.0,674,703,2
0.0,0.0,674,701,2
0.0,0.0,674,700,2
0.0,0.0,674,699,2
0.0,0.0,674,698,2
0.0,0.0,674,697,2
0.0,0.0,674,704,2
0.0,0.0,674,675,2
272.0,31636000.0,674,541,3
373.0,75634000.0,674,585,5
355.0,0.0,678,629,5
374.0,53786000.0,679,664,3
361.0,45110000.0,682,550,3
0.0,0.0,686,674,1
0.0,0.0,686,674,1
0.0,0.0,686,674,1
0.0,0.0,687,674,1
0.0,0.0,687,674,1
323.0,3269000.0,699,699,4
0.0,0.0,705,699,1
0.0,0.0,705,699,1
0.0,0.0,706,699,1
0.0,0.0,706,699,1
0.0,0.0,707,699,1
0.0,0.0,707,699,1
0.0,0.0,708,699,1
0.0,0.0,708,699,1
0.0,0.0,709,699,1
0.0,0.0,709,699,1
0.0,0.0,710,699,2
0.0,0.0,710,722,2
0.0,0.0,710,721,2
0.0,0.0,710,720,2
0.0,0.0,710,719,2
0.0,0.0,710,715,2
0.0,0.0,710,718,2
0.0,0.0,710,717,2
0.0,0.0,710,716,2
0.0,0.0,710,586,2
0.0,0.0,710,568,2
0.0,0.0,710,724,2
0.0,0.0,710,723,2
0.0,0.0,710,725,2
0.0,0.0,710,699,1
0.0,0.0,710,699,1
0.0,0.0,711,699,1
0.0,0.0,711,699,1
0.0,0.0,712,699,1
0.0,0.0,712,699,1
0.0,0.0,713,699,1
0.0,0.0,713,699,1
0.0,0.0,714,699,1
